loan_id,age,income,loan_amount,loan_term,credit_score,employment_years,existing_loans,debt_to_income,home_ownership,education,default
1,25,42000,12000,36,680,2,1,0.31,Rent,Graduate,0
2,42,85000,25000,60,745,10,2,0.22,Mortgage,Graduate,0
3,31,38000,18000,48,610,4,3,0.47,Rent,Graduate,1
4,52,110000,30000,60,780,15,1,0.18,Mortgage,Postgraduate,0
5,29,45000,22000,48,625,3,2,0.51,Rent,Graduate,1
6,36,72000,15000,36,705,8,1,0.26,Own,Graduate,0
7,48,65000,28000,60,640,12,4,0.49,Mortgage,Graduate,1
8,27,52000,10000,24,710,4,0,0.19,Rent,Postgraduate,0
9,39,90000,35000,60,755,11,2,0.24,Mortgage,Graduate,0
10,33,41000,16000,48,590,5,3,0.55,Rent,Graduate,1
11,45,78000,19000,36,730,14,1,0.25,Own,Graduate,0
12,30,50000,14000,36,650,6,2,0.38,Rent,Graduate,1
13,55,125000,40000,60,790,20,1,0.16,Mortgage,Postgraduate,0
14,24,36000,9000,24,670,1,0,0.28,Rent,Graduate,0
15,41,60000,24000,48,615,9,3,0.46,Own,Graduate,1
16,37,83000,21000,36,720,9,1,0.21,Mortgage,Graduate,0
17,28,47000,17000,48,605,3,2,0.45,Rent,Graduate,1
18,50,98000,26000,60,765,18,1,0.20,Mortgage,Postgraduate,0
19,34,56000,13000,36,695,7,1,0.30,Own,Graduate,0
20,46,70000,29000,60,635,13,4,0.52,Mortgage,Graduate,1
21,26,39000,11000,36,640,2,1,0.39,Rent,Graduate,1
22,43,92000,23000,48,750,16,2,0.23,Mortgage,Postgraduate,0
23,32,58000,15000,36,700,6,1,0.27,Own,Graduate,0
24,38,68000,20000,48,660,10,2,0.35,Rent,Graduate,1
25,53,105000,32000,60,775,19,1,0.17,Mortgage,Postgraduate,0
